"Benchmark","Mode","Threads","Samples","Score","Score Error (99.9%)","Unit","Param: initialCapacity","Param: loadFactor"
"com.abyrne133.benchmarking.JavaHashMapBenchMarkPut.put","ss",1,10,180.795800,82.167521,"us/op",16,0.125
"com.abyrne133.benchmarking.JavaHashMapBenchMarkPut.put","ss",1,10,195.461000,51.913523,"us/op",16,0.250
"com.abyrne133.benchmarking.JavaHashMapBenchMarkPut.put","ss",1,10,205.965800,82.202105,"us/op",16,0.375
"com.abyrne133.benchmarking.JavaHashMapBenchMarkPut.put","ss",1,10,181.849000,74.939698,"us/op",16,0.5
"com.abyrne133.benchmarking.JavaHashMapBenchMarkPut.put","ss",1,10,190.447600,86.065715,"us/op",16,0.625
"com.abyrne133.benchmarking.JavaHashMapBenchMarkPut.put","ss",1,10,174.273100,49.577076,"us/op",16,0.75
"com.abyrne133.benchmarking.JavaHashMapBenchMarkPut.put","ss",1,10,180.760000,61.486699,"us/op",16,0.875
"com.abyrne133.benchmarking.JavaHashMapBenchMarkPut.put","ss",1,10,156.672200,50.384935,"us/op",16,1
"com.abyrne133.benchmarking.JavaHashMapBenchMarkPut.put","ss",1,10,196.560600,41.475199,"us/op",100,0.125
"com.abyrne133.benchmarking.JavaHashMapBenchMarkPut.put","ss",1,10,184.885400,56.750374,"us/op",100,0.250
"com.abyrne133.benchmarking.JavaHashMapBenchMarkPut.put","ss",1,10,221.826600,104.603486,"us/op",100,0.375
"com.abyrne133.benchmarking.JavaHashMapBenchMarkPut.put","ss",1,10,177.972400,98.346757,"us/op",100,0.5
"com.abyrne133.benchmarking.JavaHashMapBenchMarkPut.put","ss",1,10,168.692000,37.727531,"us/op",100,0.625
"com.abyrne133.benchmarking.JavaHashMapBenchMarkPut.put","ss",1,10,155.192000,42.250351,"us/op",100,0.75
"com.abyrne133.benchmarking.JavaHashMapBenchMarkPut.put","ss",1,10,171.478700,49.340578,"us/op",100,0.875
"com.abyrne133.benchmarking.JavaHashMapBenchMarkPut.put","ss",1,10,145.691400,30.142582,"us/op",100,1
"com.abyrne133.benchmarking.JavaHashMapBenchMarkPut.put","ss",1,10,163.015300,29.946609,"us/op",1024,0.125
"com.abyrne133.benchmarking.JavaHashMapBenchMarkPut.put","ss",1,10,180.420900,66.359431,"us/op",1024,0.250
"com.abyrne133.benchmarking.JavaHashMapBenchMarkPut.put","ss",1,10,171.177200,82.293320,"us/op",1024,0.375
"com.abyrne133.benchmarking.JavaHashMapBenchMarkPut.put","ss",1,10,177.794100,113.531418,"us/op",1024,0.5
"com.abyrne133.benchmarking.JavaHashMapBenchMarkPut.put","ss",1,10,129.289100,23.222403,"us/op",1024,0.625
"com.abyrne133.benchmarking.JavaHashMapBenchMarkPut.put","ss",1,10,139.628700,50.774799,"us/op",1024,0.75
"com.abyrne133.benchmarking.JavaHashMapBenchMarkPut.put","ss",1,10,134.852400,37.414997,"us/op",1024,0.875
"com.abyrne133.benchmarking.JavaHashMapBenchMarkPut.put","ss",1,10,116.020400,48.090239,"us/op",1024,1
"com.abyrne133.benchmarking.JavaHashMapBenchMarkPut.put","ss",1,10,146.689600,39.373298,"us/op",1000,0.125
"com.abyrne133.benchmarking.JavaHashMapBenchMarkPut.put","ss",1,10,145.115800,32.640531,"us/op",1000,0.250
"com.abyrne133.benchmarking.JavaHashMapBenchMarkPut.put","ss",1,10,173.587000,63.630680,"us/op",1000,0.375
"com.abyrne133.benchmarking.JavaHashMapBenchMarkPut.put","ss",1,10,153.936400,99.063126,"us/op",1000,0.5
"com.abyrne133.benchmarking.JavaHashMapBenchMarkPut.put","ss",1,10,126.434200,22.888640,"us/op",1000,0.625
"com.abyrne133.benchmarking.JavaHashMapBenchMarkPut.put","ss",1,10,130.244400,25.307784,"us/op",1000,0.75
"com.abyrne133.benchmarking.JavaHashMapBenchMarkPut.put","ss",1,10,126.647300,19.105420,"us/op",1000,0.875
"com.abyrne133.benchmarking.JavaHashMapBenchMarkPut.put","ss",1,10,104.707900,27.124875,"us/op",1000,1
"com.abyrne133.benchmarking.JavaHashMapBenchMarkPut.put","ss",1,10,128.652100,34.878452,"us/op",10000,0.125
"com.abyrne133.benchmarking.JavaHashMapBenchMarkPut.put","ss",1,10,124.493900,18.477411,"us/op",10000,0.250
"com.abyrne133.benchmarking.JavaHashMapBenchMarkPut.put","ss",1,10,135.991500,28.142700,"us/op",10000,0.375
"com.abyrne133.benchmarking.JavaHashMapBenchMarkPut.put","ss",1,10,122.996200,27.092799,"us/op",10000,0.5
"com.abyrne133.benchmarking.JavaHashMapBenchMarkPut.put","ss",1,10,118.836800,26.214277,"us/op",10000,0.625
"com.abyrne133.benchmarking.JavaHashMapBenchMarkPut.put","ss",1,10,121.610700,23.245960,"us/op",10000,0.75
"com.abyrne133.benchmarking.JavaHashMapBenchMarkPut.put","ss",1,10,130.310600,37.622750,"us/op",10000,0.875
"com.abyrne133.benchmarking.JavaHashMapBenchMarkPut.put","ss",1,10,125.588700,31.991286,"us/op",10000,1
"com.abyrne133.benchmarking.JavaHashMapBenchMarkPut.put","ss",1,10,191.879600,28.952125,"us/op",65536,0.125
"com.abyrne133.benchmarking.JavaHashMapBenchMarkPut.put","ss",1,10,197.566100,41.654632,"us/op",65536,0.250
"com.abyrne133.benchmarking.JavaHashMapBenchMarkPut.put","ss",1,10,211.541200,49.483371,"us/op",65536,0.375
"com.abyrne133.benchmarking.JavaHashMapBenchMarkPut.put","ss",1,10,209.562700,59.645231,"us/op",65536,0.5
"com.abyrne133.benchmarking.JavaHashMapBenchMarkPut.put","ss",1,10,187.627100,32.734875,"us/op",65536,0.625
"com.abyrne133.benchmarking.JavaHashMapBenchMarkPut.put","ss",1,10,205.290600,52.842359,"us/op",65536,0.75
"com.abyrne133.benchmarking.JavaHashMapBenchMarkPut.put","ss",1,10,211.409200,69.065255,"us/op",65536,0.875
"com.abyrne133.benchmarking.JavaHashMapBenchMarkPut.put","ss",1,10,191.613000,28.064300,"us/op",65536,1
"com.abyrne133.benchmarking.JavaHashMapBenchMarkPut.put","ss",1,10,290.577700,44.432152,"us/op",100000,0.125
"com.abyrne133.benchmarking.JavaHashMapBenchMarkPut.put","ss",1,10,280.690400,46.872629,"us/op",100000,0.250
"com.abyrne133.benchmarking.JavaHashMapBenchMarkPut.put","ss",1,10,280.113900,39.590428,"us/op",100000,0.375
"com.abyrne133.benchmarking.JavaHashMapBenchMarkPut.put","ss",1,10,303.416600,42.626081,"us/op",100000,0.5
"com.abyrne133.benchmarking.JavaHashMapBenchMarkPut.put","ss",1,10,282.265000,36.019354,"us/op",100000,0.625
"com.abyrne133.benchmarking.JavaHashMapBenchMarkPut.put","ss",1,10,280.790900,38.271615,"us/op",100000,0.75
"com.abyrne133.benchmarking.JavaHashMapBenchMarkPut.put","ss",1,10,275.739000,30.457033,"us/op",100000,0.875
"com.abyrne133.benchmarking.JavaHashMapBenchMarkPut.put","ss",1,10,291.834400,47.502719,"us/op",100000,1
"com.abyrne133.benchmarking.JavaHashMapBenchMarkPut.put","ss",1,10,817.650800,41.639029,"us/op",524288,0.125
"com.abyrne133.benchmarking.JavaHashMapBenchMarkPut.put","ss",1,10,827.479500,128.461667,"us/op",524288,0.250
"com.abyrne133.benchmarking.JavaHashMapBenchMarkPut.put","ss",1,10,807.258700,36.798674,"us/op",524288,0.375
"com.abyrne133.benchmarking.JavaHashMapBenchMarkPut.put","ss",1,10,826.522400,46.053638,"us/op",524288,0.5
"com.abyrne133.benchmarking.JavaHashMapBenchMarkPut.put","ss",1,10,822.588000,39.389296,"us/op",524288,0.625
"com.abyrne133.benchmarking.JavaHashMapBenchMarkPut.put","ss",1,10,847.570700,69.036832,"us/op",524288,0.75
"com.abyrne133.benchmarking.JavaHashMapBenchMarkPut.put","ss",1,10,842.755900,76.291117,"us/op",524288,0.875
"com.abyrne133.benchmarking.JavaHashMapBenchMarkPut.put","ss",1,10,814.010800,37.011322,"us/op",524288,1
"com.abyrne133.benchmarking.JavaHashMapBenchMarkPut.put","ss",1,10,1543.935900,112.934294,"us/op",1000000,0.125
"com.abyrne133.benchmarking.JavaHashMapBenchMarkPut.put","ss",1,10,1488.645600,44.606937,"us/op",1000000,0.250
"com.abyrne133.benchmarking.JavaHashMapBenchMarkPut.put","ss",1,10,1490.795800,69.623942,"us/op",1000000,0.375
"com.abyrne133.benchmarking.JavaHashMapBenchMarkPut.put","ss",1,10,1517.220300,94.731949,"us/op",1000000,0.5
"com.abyrne133.benchmarking.JavaHashMapBenchMarkPut.put","ss",1,10,1492.485800,94.870310,"us/op",1000000,0.625
"com.abyrne133.benchmarking.JavaHashMapBenchMarkPut.put","ss",1,10,1493.748300,52.405298,"us/op",1000000,0.75
"com.abyrne133.benchmarking.JavaHashMapBenchMarkPut.put","ss",1,10,1528.979300,85.190564,"us/op",1000000,0.875
"com.abyrne133.benchmarking.JavaHashMapBenchMarkPut.put","ss",1,10,1524.636200,104.765828,"us/op",1000000,1
"com.abyrne133.benchmarking.JavaHashMapBenchMarkPut.put","ss",1,10,1502.010400,31.339814,"us/op",1048576,0.125
"com.abyrne133.benchmarking.JavaHashMapBenchMarkPut.put","ss",1,10,1497.494400,47.523501,"us/op",1048576,0.250
"com.abyrne133.benchmarking.JavaHashMapBenchMarkPut.put","ss",1,10,1514.449300,43.619904,"us/op",1048576,0.375
"com.abyrne133.benchmarking.JavaHashMapBenchMarkPut.put","ss",1,10,1510.505200,34.364092,"us/op",1048576,0.5
"com.abyrne133.benchmarking.JavaHashMapBenchMarkPut.put","ss",1,10,1509.379900,39.397942,"us/op",1048576,0.625
"com.abyrne133.benchmarking.JavaHashMapBenchMarkPut.put","ss",1,10,1502.934400,73.372149,"us/op",1048576,0.75
"com.abyrne133.benchmarking.JavaHashMapBenchMarkPut.put","ss",1,10,1530.914400,94.939687,"us/op",1048576,0.875
"com.abyrne133.benchmarking.JavaHashMapBenchMarkPut.put","ss",1,10,1527.751900,66.096680,"us/op",1048576,1
"com.abyrne133.benchmarking.JavaHashMapBenchMarkPut.put","ss",1,10,2871.776100,53.380235,"us/op",2097152,0.125
"com.abyrne133.benchmarking.JavaHashMapBenchMarkPut.put","ss",1,10,2915.495300,67.572284,"us/op",2097152,0.250
"com.abyrne133.benchmarking.JavaHashMapBenchMarkPut.put","ss",1,10,2982.849900,116.332484,"us/op",2097152,0.375
"com.abyrne133.benchmarking.JavaHashMapBenchMarkPut.put","ss",1,10,2914.679200,81.458707,"us/op",2097152,0.5
"com.abyrne133.benchmarking.JavaHashMapBenchMarkPut.put","ss",1,10,3375.349500,706.296091,"us/op",2097152,0.625
"com.abyrne133.benchmarking.JavaHashMapBenchMarkPut.put","ss",1,10,2930.436000,67.992133,"us/op",2097152,0.75
"com.abyrne133.benchmarking.JavaHashMapBenchMarkPut.put","ss",1,10,2847.518400,66.384194,"us/op",2097152,0.875
"com.abyrne133.benchmarking.JavaHashMapBenchMarkPut.put","ss",1,10,2886.109200,45.642310,"us/op",2097152,1
"com.abyrne133.benchmarking.JavaHashMapBenchMarkPut.putPoorHashCode","ss",1,10,158.634300,43.994158,"us/op",16,0.125
"com.abyrne133.benchmarking.JavaHashMapBenchMarkPut.putPoorHashCode","ss",1,10,183.499800,54.940293,"us/op",16,0.250
"com.abyrne133.benchmarking.JavaHashMapBenchMarkPut.putPoorHashCode","ss",1,10,193.264100,64.021968,"us/op",16,0.375
"com.abyrne133.benchmarking.JavaHashMapBenchMarkPut.putPoorHashCode","ss",1,10,171.236800,70.399202,"us/op",16,0.5
"com.abyrne133.benchmarking.JavaHashMapBenchMarkPut.putPoorHashCode","ss",1,10,149.790400,28.914492,"us/op",16,0.625
"com.abyrne133.benchmarking.JavaHashMapBenchMarkPut.putPoorHashCode","ss",1,10,165.662700,40.049809,"us/op",16,0.75
"com.abyrne133.benchmarking.JavaHashMapBenchMarkPut.putPoorHashCode","ss",1,10,156.842500,19.676124,"us/op",16,0.875
"com.abyrne133.benchmarking.JavaHashMapBenchMarkPut.putPoorHashCode","ss",1,10,134.635200,30.689430,"us/op",16,1
"com.abyrne133.benchmarking.JavaHashMapBenchMarkPut.putPoorHashCode","ss",1,10,195.103800,57.688781,"us/op",100,0.125
"com.abyrne133.benchmarking.JavaHashMapBenchMarkPut.putPoorHashCode","ss",1,10,171.025400,29.932259,"us/op",100,0.250
"com.abyrne133.benchmarking.JavaHashMapBenchMarkPut.putPoorHashCode","ss",1,10,199.542800,78.398449,"us/op",100,0.375
"com.abyrne133.benchmarking.JavaHashMapBenchMarkPut.putPoorHashCode","ss",1,10,163.629400,80.227692,"us/op",100,0.5
"com.abyrne133.benchmarking.JavaHashMapBenchMarkPut.putPoorHashCode","ss",1,10,148.010300,32.852704,"us/op",100,0.625
"com.abyrne133.benchmarking.JavaHashMapBenchMarkPut.putPoorHashCode","ss",1,10,149.856600,28.448792,"us/op",100,0.75
"com.abyrne133.benchmarking.JavaHashMapBenchMarkPut.putPoorHashCode","ss",1,10,156.761800,28.296884,"us/op",100,0.875
"com.abyrne133.benchmarking.JavaHashMapBenchMarkPut.putPoorHashCode","ss",1,10,136.773100,40.817375,"us/op",100,1
"com.abyrne133.benchmarking.JavaHashMapBenchMarkPut.putPoorHashCode","ss",1,10,160.776500,36.047806,"us/op",1024,0.125
"com.abyrne133.benchmarking.JavaHashMapBenchMarkPut.putPoorHashCode","ss",1,10,147.466500,30.170860,"us/op",1024,0.250
"com.abyrne133.benchmarking.JavaHashMapBenchMarkPut.putPoorHashCode","ss",1,10,181.576300,99.276006,"us/op",1024,0.375
"com.abyrne133.benchmarking.JavaHashMapBenchMarkPut.putPoorHashCode","ss",1,10,154.825400,82.360466,"us/op",1024,0.5
"com.abyrne133.benchmarking.JavaHashMapBenchMarkPut.putPoorHashCode","ss",1,10,146.625700,53.894212,"us/op",1024,0.625
"com.abyrne133.benchmarking.JavaHashMapBenchMarkPut.putPoorHashCode","ss",1,10,145.570900,35.608491,"us/op",1024,0.75
"com.abyrne133.benchmarking.JavaHashMapBenchMarkPut.putPoorHashCode","ss",1,10,137.678800,26.570092,"us/op",1024,0.875
"com.abyrne133.benchmarking.JavaHashMapBenchMarkPut.putPoorHashCode","ss",1,10,120.683400,37.642829,"us/op",1024,1
"com.abyrne133.benchmarking.JavaHashMapBenchMarkPut.putPoorHashCode","ss",1,10,146.890700,23.571757,"us/op",1000,0.125
"com.abyrne133.benchmarking.JavaHashMapBenchMarkPut.putPoorHashCode","ss",1,10,153.091000,40.125306,"us/op",1000,0.250
"com.abyrne133.benchmarking.JavaHashMapBenchMarkPut.putPoorHashCode","ss",1,10,167.112900,52.489338,"us/op",1000,0.375
"com.abyrne133.benchmarking.JavaHashMapBenchMarkPut.putPoorHashCode","ss",1,10,146.424400,63.847072,"us/op",1000,0.5
"com.abyrne133.benchmarking.JavaHashMapBenchMarkPut.putPoorHashCode","ss",1,10,133.549800,28.075769,"us/op",1000,0.625
"com.abyrne133.benchmarking.JavaHashMapBenchMarkPut.putPoorHashCode","ss",1,10,137.300800,55.329877,"us/op",1000,0.75
"com.abyrne133.benchmarking.JavaHashMapBenchMarkPut.putPoorHashCode","ss",1,10,143.749500,42.629544,"us/op",1000,0.875
"com.abyrne133.benchmarking.JavaHashMapBenchMarkPut.putPoorHashCode","ss",1,10,109.251200,33.725658,"us/op",1000,1
"com.abyrne133.benchmarking.JavaHashMapBenchMarkPut.putPoorHashCode","ss",1,10,133.761600,37.245128,"us/op",10000,0.125
"com.abyrne133.benchmarking.JavaHashMapBenchMarkPut.putPoorHashCode","ss",1,10,122.354600,25.840887,"us/op",10000,0.250
"com.abyrne133.benchmarking.JavaHashMapBenchMarkPut.putPoorHashCode","ss",1,10,133.582600,34.160677,"us/op",10000,0.375
"com.abyrne133.benchmarking.JavaHashMapBenchMarkPut.putPoorHashCode","ss",1,10,133.333200,23.039978,"us/op",10000,0.5
"com.abyrne133.benchmarking.JavaHashMapBenchMarkPut.putPoorHashCode","ss",1,10,145.715200,68.299372,"us/op",10000,0.625
"com.abyrne133.benchmarking.JavaHashMapBenchMarkPut.putPoorHashCode","ss",1,10,134.309100,43.174518,"us/op",10000,0.75
"com.abyrne133.benchmarking.JavaHashMapBenchMarkPut.putPoorHashCode","ss",1,10,136.251700,40.949715,"us/op",10000,0.875
"com.abyrne133.benchmarking.JavaHashMapBenchMarkPut.putPoorHashCode","ss",1,10,151.820700,36.628476,"us/op",10000,1
"com.abyrne133.benchmarking.JavaHashMapBenchMarkPut.putPoorHashCode","ss",1,10,203.883600,46.632672,"us/op",65536,0.125
"com.abyrne133.benchmarking.JavaHashMapBenchMarkPut.putPoorHashCode","ss",1,10,195.318800,50.294441,"us/op",65536,0.250
"com.abyrne133.benchmarking.JavaHashMapBenchMarkPut.putPoorHashCode","ss",1,10,204.334900,47.152131,"us/op",65536,0.375
"com.abyrne133.benchmarking.JavaHashMapBenchMarkPut.putPoorHashCode","ss",1,10,202.841600,50.428059,"us/op",65536,0.5
"com.abyrne133.benchmarking.JavaHashMapBenchMarkPut.putPoorHashCode","ss",1,10,195.203400,29.906179,"us/op",65536,0.625
"com.abyrne133.benchmarking.JavaHashMapBenchMarkPut.putPoorHashCode","ss",1,10,193.206000,60.150866,"us/op",65536,0.75
"com.abyrne133.benchmarking.JavaHashMapBenchMarkPut.putPoorHashCode","ss",1,10,200.667800,55.176973,"us/op",65536,0.875
"com.abyrne133.benchmarking.JavaHashMapBenchMarkPut.putPoorHashCode","ss",1,10,197.776500,48.025940,"us/op",65536,1
"com.abyrne133.benchmarking.JavaHashMapBenchMarkPut.putPoorHashCode","ss",1,10,287.275600,46.156653,"us/op",100000,0.125
"com.abyrne133.benchmarking.JavaHashMapBenchMarkPut.putPoorHashCode","ss",1,10,282.592100,46.306547,"us/op",100000,0.250
"com.abyrne133.benchmarking.JavaHashMapBenchMarkPut.putPoorHashCode","ss",1,10,282.644000,38.799669,"us/op",100000,0.375
"com.abyrne133.benchmarking.JavaHashMapBenchMarkPut.putPoorHashCode","ss",1,10,290.361200,42.795328,"us/op",100000,0.5
"com.abyrne133.benchmarking.JavaHashMapBenchMarkPut.putPoorHashCode","ss",1,10,285.051700,42.475310,"us/op",100000,0.625
"com.abyrne133.benchmarking.JavaHashMapBenchMarkPut.putPoorHashCode","ss",1,10,288.123800,40.223244,"us/op",100000,0.75
"com.abyrne133.benchmarking.JavaHashMapBenchMarkPut.putPoorHashCode","ss",1,10,284.705100,42.498139,"us/op",100000,0.875
"com.abyrne133.benchmarking.JavaHashMapBenchMarkPut.putPoorHashCode","ss",1,10,281.811700,41.770542,"us/op",100000,1
"com.abyrne133.benchmarking.JavaHashMapBenchMarkPut.putPoorHashCode","ss",1,10,813.266800,50.207376,"us/op",524288,0.125
"com.abyrne133.benchmarking.JavaHashMapBenchMarkPut.putPoorHashCode","ss",1,10,810.297200,50.522390,"us/op",524288,0.250
"com.abyrne133.benchmarking.JavaHashMapBenchMarkPut.putPoorHashCode","ss",1,10,824.766800,80.614110,"us/op",524288,0.375
"com.abyrne133.benchmarking.JavaHashMapBenchMarkPut.putPoorHashCode","ss",1,10,827.303500,28.879138,"us/op",524288,0.5
"com.abyrne133.benchmarking.JavaHashMapBenchMarkPut.putPoorHashCode","ss",1,10,805.147300,49.063996,"us/op",524288,0.625
"com.abyrne133.benchmarking.JavaHashMapBenchMarkPut.putPoorHashCode","ss",1,10,821.296400,59.376003,"us/op",524288,0.75
"com.abyrne133.benchmarking.JavaHashMapBenchMarkPut.putPoorHashCode","ss",1,10,820.934600,35.488850,"us/op",524288,0.875
"com.abyrne133.benchmarking.JavaHashMapBenchMarkPut.putPoorHashCode","ss",1,10,829.644400,50.253396,"us/op",524288,1
"com.abyrne133.benchmarking.JavaHashMapBenchMarkPut.putPoorHashCode","ss",1,10,1502.107100,50.976046,"us/op",1000000,0.125
"com.abyrne133.benchmarking.JavaHashMapBenchMarkPut.putPoorHashCode","ss",1,10,1499.514200,57.256418,"us/op",1000000,0.250
"com.abyrne133.benchmarking.JavaHashMapBenchMarkPut.putPoorHashCode","ss",1,10,1479.648200,83.013370,"us/op",1000000,0.375
"com.abyrne133.benchmarking.JavaHashMapBenchMarkPut.putPoorHashCode","ss",1,10,1540.606400,79.378786,"us/op",1000000,0.5
"com.abyrne133.benchmarking.JavaHashMapBenchMarkPut.putPoorHashCode","ss",1,10,1502.466500,76.562804,"us/op",1000000,0.625
"com.abyrne133.benchmarking.JavaHashMapBenchMarkPut.putPoorHashCode","ss",1,10,1522.819200,70.188623,"us/op",1000000,0.75
"com.abyrne133.benchmarking.JavaHashMapBenchMarkPut.putPoorHashCode","ss",1,10,1515.371700,44.246455,"us/op",1000000,0.875
"com.abyrne133.benchmarking.JavaHashMapBenchMarkPut.putPoorHashCode","ss",1,10,1507.708200,117.020411,"us/op",1000000,1
"com.abyrne133.benchmarking.JavaHashMapBenchMarkPut.putPoorHashCode","ss",1,10,1537.490900,70.313070,"us/op",1048576,0.125
"com.abyrne133.benchmarking.JavaHashMapBenchMarkPut.putPoorHashCode","ss",1,10,1488.144000,61.282267,"us/op",1048576,0.250
"com.abyrne133.benchmarking.JavaHashMapBenchMarkPut.putPoorHashCode","ss",1,10,1553.902100,50.085003,"us/op",1048576,0.375
"com.abyrne133.benchmarking.JavaHashMapBenchMarkPut.putPoorHashCode","ss",1,10,1513.780500,40.769484,"us/op",1048576,0.5
"com.abyrne133.benchmarking.JavaHashMapBenchMarkPut.putPoorHashCode","ss",1,10,1520.744500,43.071827,"us/op",1048576,0.625
"com.abyrne133.benchmarking.JavaHashMapBenchMarkPut.putPoorHashCode","ss",1,10,1516.592800,65.491134,"us/op",1048576,0.75
"com.abyrne133.benchmarking.JavaHashMapBenchMarkPut.putPoorHashCode","ss",1,10,1495.984200,99.709328,"us/op",1048576,0.875
"com.abyrne133.benchmarking.JavaHashMapBenchMarkPut.putPoorHashCode","ss",1,10,1523.096400,52.130440,"us/op",1048576,1
"com.abyrne133.benchmarking.JavaHashMapBenchMarkPut.putPoorHashCode","ss",1,10,2966.462700,215.207023,"us/op",2097152,0.125
"com.abyrne133.benchmarking.JavaHashMapBenchMarkPut.putPoorHashCode","ss",1,10,2857.041900,55.626134,"us/op",2097152,0.250
"com.abyrne133.benchmarking.JavaHashMapBenchMarkPut.putPoorHashCode","ss",1,10,3230.386000,540.758370,"us/op",2097152,0.375
"com.abyrne133.benchmarking.JavaHashMapBenchMarkPut.putPoorHashCode","ss",1,10,2861.140000,123.889023,"us/op",2097152,0.5
"com.abyrne133.benchmarking.JavaHashMapBenchMarkPut.putPoorHashCode","ss",1,10,2867.088700,46.958745,"us/op",2097152,0.625
"com.abyrne133.benchmarking.JavaHashMapBenchMarkPut.putPoorHashCode","ss",1,10,2909.545200,92.031581,"us/op",2097152,0.75
"com.abyrne133.benchmarking.JavaHashMapBenchMarkPut.putPoorHashCode","ss",1,10,2865.939400,89.001637,"us/op",2097152,0.875
"com.abyrne133.benchmarking.JavaHashMapBenchMarkPut.putPoorHashCode","ss",1,10,2959.376100,54.201315,"us/op",2097152,1
"com.abyrne133.benchmarking.JavaHashMapBenchMarkPut.putTerribleHashCode","ss",1,10,153.935000,47.304987,"us/op",16,0.125
"com.abyrne133.benchmarking.JavaHashMapBenchMarkPut.putTerribleHashCode","ss",1,10,164.981000,40.477657,"us/op",16,0.250
"com.abyrne133.benchmarking.JavaHashMapBenchMarkPut.putTerribleHashCode","ss",1,10,176.611500,61.171053,"us/op",16,0.375
"com.abyrne133.benchmarking.JavaHashMapBenchMarkPut.putTerribleHashCode","ss",1,10,152.716000,56.469809,"us/op",16,0.5
"com.abyrne133.benchmarking.JavaHashMapBenchMarkPut.putTerribleHashCode","ss",1,10,160.897600,66.542581,"us/op",16,0.625
"com.abyrne133.benchmarking.JavaHashMapBenchMarkPut.putTerribleHashCode","ss",1,10,148.229000,33.508241,"us/op",16,0.75
"com.abyrne133.benchmarking.JavaHashMapBenchMarkPut.putTerribleHashCode","ss",1,10,169.137200,45.745595,"us/op",16,0.875
"com.abyrne133.benchmarking.JavaHashMapBenchMarkPut.putTerribleHashCode","ss",1,10,136.766200,55.193379,"us/op",16,1
"com.abyrne133.benchmarking.JavaHashMapBenchMarkPut.putTerribleHashCode","ss",1,10,194.716800,60.167277,"us/op",100,0.125
"com.abyrne133.benchmarking.JavaHashMapBenchMarkPut.putTerribleHashCode","ss",1,10,159.790400,38.928958,"us/op",100,0.250
"com.abyrne133.benchmarking.JavaHashMapBenchMarkPut.putTerribleHashCode","ss",1,10,183.610700,89.381983,"us/op",100,0.375
"com.abyrne133.benchmarking.JavaHashMapBenchMarkPut.putTerribleHashCode","ss",1,10,166.522600,91.517527,"us/op",100,0.5
"com.abyrne133.benchmarking.JavaHashMapBenchMarkPut.putTerribleHashCode","ss",1,10,145.475400,24.349986,"us/op",100,0.625
"com.abyrne133.benchmarking.JavaHashMapBenchMarkPut.putTerribleHashCode","ss",1,10,143.738700,28.868691,"us/op",100,0.75
"com.abyrne133.benchmarking.JavaHashMapBenchMarkPut.putTerribleHashCode","ss",1,10,157.580200,39.458492,"us/op",100,0.875
"com.abyrne133.benchmarking.JavaHashMapBenchMarkPut.putTerribleHashCode","ss",1,10,156.182700,80.735977,"us/op",100,1
"com.abyrne133.benchmarking.JavaHashMapBenchMarkPut.putTerribleHashCode","ss",1,10,141.150200,41.433939,"us/op",1024,0.125
"com.abyrne133.benchmarking.JavaHashMapBenchMarkPut.putTerribleHashCode","ss",1,10,142.231800,24.764680,"us/op",1024,0.250
"com.abyrne133.benchmarking.JavaHashMapBenchMarkPut.putTerribleHashCode","ss",1,10,167.562500,68.455123,"us/op",1024,0.375
"com.abyrne133.benchmarking.JavaHashMapBenchMarkPut.putTerribleHashCode","ss",1,10,131.752100,59.630279,"us/op",1024,0.5
"com.abyrne133.benchmarking.JavaHashMapBenchMarkPut.putTerribleHashCode","ss",1,10,133.549900,53.494168,"us/op",1024,0.625
"com.abyrne133.benchmarking.JavaHashMapBenchMarkPut.putTerribleHashCode","ss",1,10,131.251200,37.109593,"us/op",1024,0.75
"com.abyrne133.benchmarking.JavaHashMapBenchMarkPut.putTerribleHashCode","ss",1,10,123.195000,14.322019,"us/op",1024,0.875
"com.abyrne133.benchmarking.JavaHashMapBenchMarkPut.putTerribleHashCode","ss",1,10,112.060100,42.908612,"us/op",1024,1
"com.abyrne133.benchmarking.JavaHashMapBenchMarkPut.putTerribleHashCode","ss",1,10,142.948500,28.466877,"us/op",1000,0.125
"com.abyrne133.benchmarking.JavaHashMapBenchMarkPut.putTerribleHashCode","ss",1,10,143.396800,36.160251,"us/op",1000,0.250
"com.abyrne133.benchmarking.JavaHashMapBenchMarkPut.putTerribleHashCode","ss",1,10,160.325500,92.515075,"us/op",1000,0.375
"com.abyrne133.benchmarking.JavaHashMapBenchMarkPut.putTerribleHashCode","ss",1,10,134.615900,66.212270,"us/op",1000,0.5
"com.abyrne133.benchmarking.JavaHashMapBenchMarkPut.putTerribleHashCode","ss",1,10,127.112800,51.965419,"us/op",1000,0.625
"com.abyrne133.benchmarking.JavaHashMapBenchMarkPut.putTerribleHashCode","ss",1,10,116.284000,7.532056,"us/op",1000,0.75
"com.abyrne133.benchmarking.JavaHashMapBenchMarkPut.putTerribleHashCode","ss",1,10,137.783200,46.780425,"us/op",1000,0.875
"com.abyrne133.benchmarking.JavaHashMapBenchMarkPut.putTerribleHashCode","ss",1,10,103.223100,19.868367,"us/op",1000,1
"com.abyrne133.benchmarking.JavaHashMapBenchMarkPut.putTerribleHashCode","ss",1,10,129.204600,32.899085,"us/op",10000,0.125
"com.abyrne133.benchmarking.JavaHashMapBenchMarkPut.putTerribleHashCode","ss",1,10,128.440200,43.937248,"us/op",10000,0.250
"com.abyrne133.benchmarking.JavaHashMapBenchMarkPut.putTerribleHashCode","ss",1,10,130.111700,30.601168,"us/op",10000,0.375
"com.abyrne133.benchmarking.JavaHashMapBenchMarkPut.putTerribleHashCode","ss",1,10,119.116300,27.844437,"us/op",10000,0.5
"com.abyrne133.benchmarking.JavaHashMapBenchMarkPut.putTerribleHashCode","ss",1,10,121.579300,35.504769,"us/op",10000,0.625
"com.abyrne133.benchmarking.JavaHashMapBenchMarkPut.putTerribleHashCode","ss",1,10,128.329500,36.019873,"us/op",10000,0.75
"com.abyrne133.benchmarking.JavaHashMapBenchMarkPut.putTerribleHashCode","ss",1,10,119.886100,26.561535,"us/op",10000,0.875
"com.abyrne133.benchmarking.JavaHashMapBenchMarkPut.putTerribleHashCode","ss",1,10,117.356600,19.748635,"us/op",10000,1
"com.abyrne133.benchmarking.JavaHashMapBenchMarkPut.putTerribleHashCode","ss",1,10,201.743100,59.503464,"us/op",65536,0.125
"com.abyrne133.benchmarking.JavaHashMapBenchMarkPut.putTerribleHashCode","ss",1,10,215.127200,101.457916,"us/op",65536,0.250
"com.abyrne133.benchmarking.JavaHashMapBenchMarkPut.putTerribleHashCode","ss",1,10,195.237600,37.554454,"us/op",65536,0.375
"com.abyrne133.benchmarking.JavaHashMapBenchMarkPut.putTerribleHashCode","ss",1,10,203.950600,48.944262,"us/op",65536,0.5
"com.abyrne133.benchmarking.JavaHashMapBenchMarkPut.putTerribleHashCode","ss",1,10,202.473800,40.243482,"us/op",65536,0.625
"com.abyrne133.benchmarking.JavaHashMapBenchMarkPut.putTerribleHashCode","ss",1,10,194.345700,32.072154,"us/op",65536,0.75
"com.abyrne133.benchmarking.JavaHashMapBenchMarkPut.putTerribleHashCode","ss",1,10,192.315100,25.222737,"us/op",65536,0.875
"com.abyrne133.benchmarking.JavaHashMapBenchMarkPut.putTerribleHashCode","ss",1,10,193.279000,32.355944,"us/op",65536,1
"com.abyrne133.benchmarking.JavaHashMapBenchMarkPut.putTerribleHashCode","ss",1,10,279.866400,27.398494,"us/op",100000,0.125
"com.abyrne133.benchmarking.JavaHashMapBenchMarkPut.putTerribleHashCode","ss",1,10,347.209100,97.186494,"us/op",100000,0.250
"com.abyrne133.benchmarking.JavaHashMapBenchMarkPut.putTerribleHashCode","ss",1,10,323.956600,121.612521,"us/op",100000,0.375
"com.abyrne133.benchmarking.JavaHashMapBenchMarkPut.putTerribleHashCode","ss",1,10,282.006400,32.951894,"us/op",100000,0.5
"com.abyrne133.benchmarking.JavaHashMapBenchMarkPut.putTerribleHashCode","ss",1,10,285.832400,31.354096,"us/op",100000,0.625
"com.abyrne133.benchmarking.JavaHashMapBenchMarkPut.putTerribleHashCode","ss",1,10,280.025300,33.312926,"us/op",100000,0.75
"com.abyrne133.benchmarking.JavaHashMapBenchMarkPut.putTerribleHashCode","ss",1,10,280.517900,41.790583,"us/op",100000,0.875
"com.abyrne133.benchmarking.JavaHashMapBenchMarkPut.putTerribleHashCode","ss",1,10,290.121900,44.696845,"us/op",100000,1
"com.abyrne133.benchmarking.JavaHashMapBenchMarkPut.putTerribleHashCode","ss",1,10,820.887400,51.436981,"us/op",524288,0.125
"com.abyrne133.benchmarking.JavaHashMapBenchMarkPut.putTerribleHashCode","ss",1,10,848.337500,47.909041,"us/op",524288,0.250
"com.abyrne133.benchmarking.JavaHashMapBenchMarkPut.putTerribleHashCode","ss",1,10,860.913500,216.510737,"us/op",524288,0.375
"com.abyrne133.benchmarking.JavaHashMapBenchMarkPut.putTerribleHashCode","ss",1,10,853.982700,130.529621,"us/op",524288,0.5
"com.abyrne133.benchmarking.JavaHashMapBenchMarkPut.putTerribleHashCode","ss",1,10,818.045800,18.634159,"us/op",524288,0.625
"com.abyrne133.benchmarking.JavaHashMapBenchMarkPut.putTerribleHashCode","ss",1,10,834.426500,54.285777,"us/op",524288,0.75
"com.abyrne133.benchmarking.JavaHashMapBenchMarkPut.putTerribleHashCode","ss",1,10,848.541300,83.415735,"us/op",524288,0.875
"com.abyrne133.benchmarking.JavaHashMapBenchMarkPut.putTerribleHashCode","ss",1,10,862.797700,149.192539,"us/op",524288,1
"com.abyrne133.benchmarking.JavaHashMapBenchMarkPut.putTerribleHashCode","ss",1,10,1592.141500,166.594562,"us/op",1000000,0.125
"com.abyrne133.benchmarking.JavaHashMapBenchMarkPut.putTerribleHashCode","ss",1,10,1539.705400,114.112056,"us/op",1000000,0.250
"com.abyrne133.benchmarking.JavaHashMapBenchMarkPut.putTerribleHashCode","ss",1,10,1547.511400,88.359164,"us/op",1000000,0.375
"com.abyrne133.benchmarking.JavaHashMapBenchMarkPut.putTerribleHashCode","ss",1,10,1500.578100,25.420815,"us/op",1000000,0.5
"com.abyrne133.benchmarking.JavaHashMapBenchMarkPut.putTerribleHashCode","ss",1,10,1520.887400,44.540885,"us/op",1000000,0.625
"com.abyrne133.benchmarking.JavaHashMapBenchMarkPut.putTerribleHashCode","ss",1,10,1590.820600,175.615304,"us/op",1000000,0.75
"com.abyrne133.benchmarking.JavaHashMapBenchMarkPut.putTerribleHashCode","ss",1,10,1527.652100,42.535825,"us/op",1000000,0.875
"com.abyrne133.benchmarking.JavaHashMapBenchMarkPut.putTerribleHashCode","ss",1,10,1544.583900,60.979544,"us/op",1000000,1
"com.abyrne133.benchmarking.JavaHashMapBenchMarkPut.putTerribleHashCode","ss",1,10,1538.035200,152.226800,"us/op",1048576,0.125
"com.abyrne133.benchmarking.JavaHashMapBenchMarkPut.putTerribleHashCode","ss",1,10,1539.374100,97.617534,"us/op",1048576,0.250
"com.abyrne133.benchmarking.JavaHashMapBenchMarkPut.putTerribleHashCode","ss",1,10,1543.475100,97.078084,"us/op",1048576,0.375
"com.abyrne133.benchmarking.JavaHashMapBenchMarkPut.putTerribleHashCode","ss",1,10,1535.387100,68.544746,"us/op",1048576,0.5
"com.abyrne133.benchmarking.JavaHashMapBenchMarkPut.putTerribleHashCode","ss",1,10,1525.419900,94.608550,"us/op",1048576,0.625
"com.abyrne133.benchmarking.JavaHashMapBenchMarkPut.putTerribleHashCode","ss",1,10,1663.688100,423.853153,"us/op",1048576,0.75
"com.abyrne133.benchmarking.JavaHashMapBenchMarkPut.putTerribleHashCode","ss",1,10,1539.547700,41.730313,"us/op",1048576,0.875
"com.abyrne133.benchmarking.JavaHashMapBenchMarkPut.putTerribleHashCode","ss",1,10,1531.013000,55.918617,"us/op",1048576,1
"com.abyrne133.benchmarking.JavaHashMapBenchMarkPut.putTerribleHashCode","ss",1,10,3376.655000,508.722656,"us/op",2097152,0.125
"com.abyrne133.benchmarking.JavaHashMapBenchMarkPut.putTerribleHashCode","ss",1,10,3301.282200,723.176706,"us/op",2097152,0.250
"com.abyrne133.benchmarking.JavaHashMapBenchMarkPut.putTerribleHashCode","ss",1,10,2931.926100,59.280609,"us/op",2097152,0.375
"com.abyrne133.benchmarking.JavaHashMapBenchMarkPut.putTerribleHashCode","ss",1,10,2946.990200,56.911409,"us/op",2097152,0.5
"com.abyrne133.benchmarking.JavaHashMapBenchMarkPut.putTerribleHashCode","ss",1,10,2937.461300,80.672689,"us/op",2097152,0.625
"com.abyrne133.benchmarking.JavaHashMapBenchMarkPut.putTerribleHashCode","ss",1,10,2884.132500,58.923673,"us/op",2097152,0.75
"com.abyrne133.benchmarking.JavaHashMapBenchMarkPut.putTerribleHashCode","ss",1,10,2960.430700,398.674578,"us/op",2097152,0.875
"com.abyrne133.benchmarking.JavaHashMapBenchMarkPut.putTerribleHashCode","ss",1,10,3033.193500,356.254174,"us/op",2097152,1
